CREATE DATABASE  IF NOT EXISTS `arduino` /*!40100 DEFAULT CHARACTER SET latin1 COLLATE latin1_bin */;
USE `arduino`;
-- MySQL dump 10.13  Distrib 5.7.17, for Win64 (x86_64)
--
-- Host: localhost    Database: arduino
-- ------------------------------------------------------
-- Server version	5.6.37-log

/*!40101 SET @OLD_CHARACTER_SET_CLIENT=@@CHARACTER_SET_CLIENT */;
/*!40101 SET @OLD_CHARACTER_SET_RESULTS=@@CHARACTER_SET_RESULTS */;
/*!40101 SET @OLD_COLLATION_CONNECTION=@@COLLATION_CONNECTION */;
/*!40101 SET NAMES utf8 */;
/*!40103 SET @OLD_TIME_ZONE=@@TIME_ZONE */;
/*!40103 SET TIME_ZONE='+00:00' */;
/*!40014 SET @OLD_UNIQUE_CHECKS=@@UNIQUE_CHECKS, UNIQUE_CHECKS=0 */;
/*!40014 SET @OLD_FOREIGN_KEY_CHECKS=@@FOREIGN_KEY_CHECKS, FOREIGN_KEY_CHECKS=0 */;
/*!40101 SET @OLD_SQL_MODE=@@SQL_MODE, SQL_MODE='NO_AUTO_VALUE_ON_ZERO' */;
/*!40111 SET @OLD_SQL_NOTES=@@SQL_NOTES, SQL_NOTES=0 */;

--
-- Table structure for table `arduino_consumo`
--

DROP TABLE IF EXISTS `arduino_consumo`;
/*!40101 SET @saved_cs_client     = @@character_set_client */;
/*!40101 SET character_set_client = utf8 */;
CREATE TABLE `arduino_consumo` (
  `id` int(11) NOT NULL AUTO_INCREMENT,
  `potencia_w` double DEFAULT NULL,
  `consumo` double DEFAULT NULL,
  `tarifa` double DEFAULT NULL,
  `cod_equipamento` int(11) DEFAULT NULL,
  `data` datetime DEFAULT CURRENT_TIMESTAMP,
  PRIMARY KEY (`id`)
) ENGINE=InnoDB AUTO_INCREMENT=520 DEFAULT CHARSET=utf8;
/*!40101 SET character_set_client = @saved_cs_client */;

--
-- Dumping data for table `arduino_consumo`
--

LOCK TABLES `arduino_consumo` WRITE;
/*!40000 ALTER TABLE `arduino_consumo` DISABLE KEYS */;
INSERT INTO `arduino_consumo` VALUES (1,5256.6406,0.1998,0.117882,1,'2018-01-20 15:56:26'),(2,5257.1367,0.1998,0.117882,1,'2018-01-20 15:58:48'),(3,5257.0498,0.1998,0.117882,1,'2018-01-20 16:01:09'),(4,5257.6792,0.1998,0.117882,1,'2018-01-20 16:03:31'),(5,5256.3501,0.1997,0.11782299999999998,1,'2018-01-20 16:05:52'),(6,5256.0508,0.1997,0.11782299999999998,1,'2018-01-20 16:08:14'),(7,5256.0767,0.1997,0.11782299999999998,1,'2018-01-20 16:10:36'),(8,5257.0854,0.1998,0.117882,1,'2018-01-20 16:12:57'),(9,5256.1875,0.1997,0.11782299999999998,1,'2018-01-20 16:15:19'),(10,5255.9272,0.1997,0.11782299999999998,1,'2018-01-20 16:17:40'),(11,5257.2764,0.1998,0.117882,1,'2018-01-20 16:20:02'),(12,5256.7837,0.1998,0.117882,1,'2018-01-20 16:22:24'),(13,5257.7964,0.1998,0.117882,1,'2018-01-20 16:24:45'),(14,5258.7769,0.1998,0.117882,1,'2018-01-20 16:27:07'),(15,5257.5288,0.1998,0.117882,1,'2018-01-20 16:29:28'),(16,5258.396,0.1998,0.117882,1,'2018-01-20 16:31:50'),(17,5257.9512,0.1998,0.117882,1,'2018-01-20 16:34:12'),(18,5258.2881,0.1998,0.117882,1,'2018-01-20 16:36:33'),(19,5257.9805,0.1998,0.117882,1,'2018-01-20 16:38:55'),(20,5258.252,0.1998,0.117882,1,'2018-01-20 16:41:17'),(21,5258.0684,0.1998,0.117882,1,'2018-01-20 16:43:38'),(22,5258.0684,0.1998,0.117882,1,'2018-01-20 16:46:00'),(23,5258.4165,0.1998,0.117882,1,'2018-01-20 16:48:21'),(24,5258.2153,0.1998,0.117882,1,'2018-01-20 16:50:43'),(25,5258.4766,0.1998,0.117882,1,'2018-01-20 16:53:04'),(26,5258.7397,0.1998,0.117882,1,'2018-01-20 16:55:26'),(27,5259.3716,0.1999,0.11794099999999999,1,'2018-01-20 16:57:48'),(28,5258.8403,0.1998,0.117882,1,'2018-01-20 17:00:09'),(29,5258.6641,0.1998,0.117882,1,'2018-01-20 17:02:31'),(30,5259.0796,0.1998,0.117882,1,'2018-01-20 17:04:53'),(31,5258.4404,0.1998,0.117882,1,'2018-01-20 17:07:15'),(32,5259.7178,0.1999,0.11794099999999999,1,'2018-01-20 17:09:36'),(33,5259.7075,0.1999,0.11794099999999999,1,'2018-01-20 17:11:58'),(34,5259.689,0.1999,0.11794099999999999,1,'2018-01-20 17:13:58'),(35,5259.4087,0.1999,0.11794099999999999,1,'2018-01-20 17:16:20'),(36,5259.5864,0.1999,0.11794099999999999,1,'2018-01-20 17:18:42'),(37,5259.8496,0.1999,0.11794099999999999,1,'2018-01-20 17:21:03'),(38,5259.8267,0.1999,0.11794099999999999,2,'2018-01-20 17:23:10'),(39,5259.0112,0.1998,0.117882,2,'2018-01-20 17:25:31'),(40,5260.0527,0.1999,0.11794099999999999,2,'2018-01-20 17:27:53'),(41,5260.4038,0.1999,0.11794099999999999,2,'2018-01-20 17:30:14'),(42,5259.832,0.1999,0.11794099999999999,2,'2018-01-20 17:32:36'),(43,5259.7515,0.1999,0.11794099999999999,2,'2018-01-20 17:34:58'),(44,5259.7871,0.1999,0.11794099999999999,2,'2018-01-20 17:37:21'),(45,5259.8813,0.1999,0.11794099999999999,2,'2018-01-20 17:39:42'),(46,5259.6113,0.1999,0.11794099999999999,2,'2018-01-20 17:42:04'),(47,5259.5112,0.1999,0.11794099999999999,2,'2018-01-20 17:44:25'),(48,5260.1768,0.1999,0.11794099999999999,2,'2018-01-20 17:46:47'),(49,5259.7173,0.1999,0.11794099999999999,2,'2018-01-20 17:49:09'),(50,5260.3545,0.1999,0.11794099999999999,2,'2018-01-20 17:51:30'),(51,5258.9634,0.1998,0.117882,2,'2018-01-20 17:53:52'),(52,5259.8027,0.1999,0.11794099999999999,2,'2018-01-20 17:56:13'),(53,5259.8198,0.1999,0.11794099999999999,2,'2018-01-20 17:58:35'),(54,5259.2686,0.1999,0.11794099999999999,2,'2018-01-20 18:00:56'),(55,5259.499,0.1999,0.11794099999999999,2,'2018-01-20 18:03:18'),(56,5259.6138,0.1999,0.11794099999999999,2,'2018-01-20 18:05:40'),(57,5260.1978,0.1999,0.11794099999999999,2,'2018-01-20 18:08:01'),(58,5260.397,0.1999,0.11794099999999999,2,'2018-01-20 18:10:23'),(59,5261.1128,0.1999,0.11794099999999999,2,'2018-01-20 18:12:44'),(60,5260.1216,0.1999,0.11794099999999999,2,'2018-01-20 18:15:06'),(61,4988.3447,0.1896,0.11186399999999999,2,'2018-01-21 16:22:50'),(62,4966.4873,0.1887,0.111333,2,'2018-01-21 16:25:12'),(63,5030.9834,0.1912,0.112808,3,'2018-01-21 16:27:18'),(64,5031.1465,0.1912,0.112808,3,'2018-01-21 16:29:39'),(65,4985.8887,0.1895,0.111805,3,'2018-01-21 16:32:01'),(66,5012.4219,0.1905,0.112395,3,'2018-01-21 16:34:23'),(67,5036.2129,0.1914,0.11292599999999998,3,'2018-01-21 16:36:44'),(68,5013.7266,0.1905,0.112395,3,'2018-01-21 16:39:06'),(69,5035.4844,0.1913,0.112867,3,'2018-01-21 16:41:27'),(70,5013.4087,0.1905,0.112395,3,'2018-01-21 16:43:49'),(71,5013.8994,0.1905,0.112395,3,'2018-01-21 16:46:10'),(72,5012.918,0.1905,0.112395,3,'2018-01-21 16:48:32'),(73,5013.4155,0.1905,0.112395,3,'2018-01-21 16:50:54'),(74,5013.2422,0.1905,0.112395,3,'2018-01-21 16:53:15'),(75,5057.0063,0.1922,0.113398,3,'2018-01-21 16:55:37'),(76,5056.7485,0.1922,0.113398,3,'2018-01-21 16:57:58'),(77,5056.4385,0.1921,0.113339,3,'2018-01-21 17:00:20'),(78,5056.6577,0.1922,0.113398,3,'2018-01-21 17:02:42'),(79,5056.8369,0.1922,0.113398,3,'2018-01-21 17:05:03'),(80,5057.1543,0.1922,0.113398,3,'2018-01-21 17:07:25'),(81,5056.749,0.1922,0.113398,3,'2018-01-21 17:09:46'),(82,5035.8022,0.1914,0.11292599999999998,3,'2018-01-21 17:12:09'),(83,5035.4795,0.1913,0.112867,3,'2018-01-21 17:14:31'),(84,5036.0054,0.1914,0.11292599999999998,3,'2018-01-21 17:16:53'),(85,5014.2178,0.1905,0.112395,3,'2018-01-21 17:19:14'),(86,5035.8853,0.1914,0.11292599999999998,3,'2018-01-21 17:21:36'),(87,5036.3867,0.1914,0.11292599999999998,3,'2018-01-21 17:23:57'),(88,5057.3188,0.1922,0.113398,3,'2018-01-21 17:26:19'),(89,5036.6514,0.1914,0.11292599999999998,3,'2018-01-21 17:28:41'),(90,4951.5483,0.1882,0.111038,3,'2018-01-21 17:31:02'),(91,5036.561,0.1914,0.11292599999999998,3,'2018-01-21 17:33:24'),(92,5036.4595,0.1914,0.11292599999999998,3,'2018-01-21 17:35:45'),(93,5014.1094,0.1905,0.112395,3,'2018-01-21 17:38:07'),(94,4993.2212,0.1897,0.111923,3,'2018-01-21 17:40:29'),(95,5015.2354,0.1906,0.11245399999999998,3,'2018-01-21 17:42:50'),(96,5014.1533,0.1905,0.112395,3,'2018-01-21 17:45:12'),(97,4931.7739,0.1874,0.110566,3,'2018-01-21 17:47:33'),(98,4931.2642,0.1874,0.110566,3,'2018-01-21 17:49:55'),(99,4972.2959,0.1889,0.111451,3,'2018-01-21 17:52:17'),(100,5013.6631,0.1905,0.112395,3,'2018-01-21 17:54:38'),(101,5014.0869,0.1905,0.112395,3,'2018-01-21 17:57:00'),(102,5014.3906,0.1905,0.112395,3,'2018-01-21 17:59:21'),(103,4993.293,0.1897,0.111923,3,'2018-01-21 18:01:43'),(104,5014.6123,0.1906,0.11245399999999998,3,'2018-01-21 18:04:05'),(105,5014.1255,0.1905,0.112395,3,'2018-01-21 18:06:26'),(106,4993.2344,0.1897,0.111923,3,'2018-01-21 18:08:48'),(107,5014.5859,0.1906,0.11245399999999998,3,'2018-01-21 18:11:09'),(108,5013.7354,0.1905,0.112395,3,'2018-01-21 18:13:31'),(109,5014.2358,0.1905,0.112395,3,'2018-01-21 18:15:53'),(110,5036.3896,0.1914,0.11292599999999998,3,'2018-01-21 18:18:14'),(111,5013.5298,0.1905,0.112395,3,'2018-01-21 18:20:36'),(112,5013.9033,0.1905,0.112395,3,'2018-01-21 18:22:57'),(113,5014.124,0.1905,0.112395,3,'2018-01-21 18:25:19'),(114,5013.6738,0.1905,0.112395,3,'2018-01-21 18:27:40'),(115,5014.1748,0.1905,0.112395,3,'2018-01-21 18:30:02'),(116,5013.9966,0.1905,0.112395,3,'2018-01-21 18:32:24'),(117,5013.8257,0.1905,0.112395,3,'2018-01-21 18:34:45'),(118,5014.1289,0.1905,0.112395,3,'2018-01-21 18:37:07'),(119,5012.9751,0.1905,0.112395,3,'2018-01-21 18:39:28'),(120,5014.8174,0.1906,0.11245399999999998,3,'2018-01-21 18:41:50'),(121,5014.207,0.1905,0.112395,3,'2018-01-21 18:44:12'),(122,4992.9326,0.1897,0.111923,3,'2018-01-21 18:46:33'),(123,4992.7949,0.1897,0.111923,3,'2018-01-21 18:48:55'),(124,4993.4922,0.1898,0.111982,3,'2018-01-21 18:51:16'),(125,4909.8584,0.1866,0.11009399999999998,3,'2018-01-21 18:53:38'),(126,4910.3291,0.1866,0.11009399999999998,3,'2018-01-21 18:56:00'),(127,4910.2056,0.1866,0.11009399999999998,3,'2018-01-21 18:58:21'),(128,4930.9595,0.1874,0.110566,3,'2018-01-21 19:00:43'),(129,4869.4028,0.185,0.10915,3,'2018-01-21 19:03:04'),(130,4849.5869,0.1843,0.10873699999999999,3,'2018-01-21 19:05:26'),(131,4950.7178,0.1881,0.110979,3,'2018-01-21 19:07:47'),(132,4950.2358,0.1881,0.110979,3,'2018-01-21 19:10:09'),(133,5284.8335,0.2008,0.118472,6,'2018-01-22 23:45:41'),(134,5262.3867,0.2,0.118,6,'2018-01-22 23:48:03'),(135,5262.0908,0.2,0.118,6,'2018-01-22 23:50:24'),(136,5258.562,0.1998,0.117882,6,'2018-01-22 23:52:46'),(137,5261.3779,0.1999,0.11794099999999999,6,'2018-01-22 23:55:07'),(138,5261.5029,0.1999,0.11794099999999999,6,'2018-01-22 23:57:29'),(139,5260.5308,0.1999,0.11794099999999999,6,'2018-01-22 23:59:51'),(140,5260.9209,0.1999,0.11794099999999999,6,'2018-01-23 00:02:12'),(141,5260.6826,0.1999,0.11794099999999999,6,'2018-01-23 00:04:34'),(142,5260.5171,0.1999,0.11794099999999999,6,'2018-01-23 00:06:55'),(143,5259.9575,0.1999,0.11794099999999999,6,'2018-01-23 00:09:17'),(144,5260.6279,0.1999,0.11794099999999999,6,'2018-01-23 00:11:38'),(145,5260.8354,0.1999,0.11794099999999999,6,'2018-01-23 00:14:00'),(146,5260.8926,0.1999,0.11794099999999999,6,'2018-01-23 00:16:22'),(147,5260.7598,0.1999,0.11794099999999999,6,'2018-01-23 00:18:43'),(148,5261.3013,0.1999,0.11794099999999999,6,'2018-01-23 00:21:05'),(149,5260.668,0.1999,0.11794099999999999,6,'2018-01-23 00:23:26'),(150,5260.6597,0.1999,0.11794099999999999,6,'2018-01-23 00:25:48'),(151,5260.707,0.1999,0.11794099999999999,6,'2018-01-23 00:28:10'),(152,5263.7456,0.2,0.118,6,'2018-01-23 00:30:31'),(153,5264.0737,0.2,0.118,6,'2018-01-23 00:32:53'),(154,5264.3892,0.2,0.118,6,'2018-01-23 00:35:14'),(155,5264.1509,0.2,0.118,6,'2018-01-23 00:37:36'),(156,5264.0884,0.2,0.118,6,'2018-01-23 00:39:58'),(157,5264.0181,0.2,0.118,6,'2018-01-23 00:42:19'),(158,5263.8491,0.2,0.118,6,'2018-01-23 00:44:41'),(159,5264.0308,0.2,0.118,6,'2018-01-23 00:47:02'),(160,5263.9292,0.2,0.118,6,'2018-01-23 00:49:24'),(161,5263.9263,0.2,0.118,6,'2018-01-23 00:51:45'),(162,5263.9888,0.2,0.118,6,'2018-01-23 00:54:07'),(163,5263.6255,0.2,0.118,6,'2018-01-23 00:56:29'),(164,5264.124,0.2,0.118,6,'2018-01-23 00:58:50'),(165,5264.0073,0.2,0.118,6,'2018-01-23 01:01:12'),(166,5264.1499,0.2,0.118,6,'2018-01-23 01:03:34'),(167,5263.9111,0.2,0.118,6,'2018-01-23 01:05:55'),(168,5264.0449,0.2,0.118,6,'2018-01-23 01:08:17'),(169,5264.2275,0.2,0.118,6,'2018-01-23 01:10:38'),(170,5264.1963,0.2,0.118,6,'2018-01-23 01:13:01'),(171,5264.2905,0.2,0.118,6,'2018-01-23 01:15:23'),(172,5264.1729,0.2,0.118,6,'2018-01-23 01:17:45'),(173,5263.9111,0.2,0.118,6,'2018-01-23 01:20:06'),(174,5264.2031,0.2,0.118,6,'2018-01-23 01:22:28'),(175,5264.1538,0.2,0.118,6,'2018-01-23 01:24:49'),(176,5263.6294,0.2,0.118,6,'2018-01-23 01:27:11'),(177,5264.144,0.2,0.118,6,'2018-01-23 01:29:33'),(178,5264.2646,0.2,0.118,6,'2018-01-23 01:31:54'),(179,5264.0537,0.2,0.118,6,'2018-01-23 01:34:16'),(180,5264.0083,0.2,0.118,6,'2018-01-23 01:36:38'),(181,5263.9888,0.2,0.118,6,'2018-01-23 01:38:59'),(182,5264.0283,0.2,0.118,6,'2018-01-23 01:41:21'),(183,5263.6582,0.2,0.118,6,'2018-01-23 01:43:42'),(184,5264.3164,0.2,0.118,6,'2018-01-23 01:46:04'),(185,5263.9917,0.2,0.118,6,'2018-01-23 01:48:25'),(186,5264.1724,0.2,0.118,6,'2018-01-23 01:50:47'),(187,5263.9336,0.2,0.118,6,'2018-01-23 01:53:09'),(188,5263.9502,0.2,0.118,6,'2018-01-23 01:55:31'),(189,5264.0737,0.2,0.118,6,'2018-01-23 01:57:52'),(190,5263.8726,0.2,0.118,6,'2018-01-23 02:00:14'),(191,5263.8672,0.2,0.118,6,'2018-01-23 02:02:36'),(192,5264.3086,0.2,0.118,6,'2018-01-23 02:04:57'),(193,5264.0024,0.2,0.118,6,'2018-01-23 02:07:19'),(194,5264.2075,0.2,0.118,6,'2018-01-23 02:09:40'),(195,5264.0098,0.2,0.118,6,'2018-01-23 02:12:02'),(196,5264.3242,0.2,0.118,6,'2018-01-23 02:14:24'),(197,5264.125,0.2,0.118,6,'2018-01-23 02:16:45'),(198,5263.9258,0.2,0.118,6,'2018-01-23 02:19:07'),(199,5264.2075,0.2,0.118,6,'2018-01-23 02:21:28'),(200,5264.2441,0.2,0.118,6,'2018-01-23 02:23:50'),(201,5264.0747,0.2,0.118,6,'2018-01-23 02:26:11'),(202,5263.8262,0.2,0.118,6,'2018-01-23 02:28:33'),(203,5263.896,0.2,0.118,6,'2018-01-23 02:30:55'),(204,5264.1211,0.2,0.118,6,'2018-01-23 02:33:16'),(205,5264.1973,0.2,0.118,6,'2018-01-23 02:35:38'),(206,5263.7974,0.2,0.118,6,'2018-01-23 02:38:00'),(207,5264.1128,0.2,0.118,6,'2018-01-23 02:40:22'),(208,5264.0869,0.2,0.118,6,'2018-01-23 02:42:43'),(209,5264.1763,0.2,0.118,6,'2018-01-23 02:45:05'),(210,5264.1758,0.2,0.118,6,'2018-01-23 02:47:26'),(211,5264.0112,0.2,0.118,6,'2018-01-23 02:49:48'),(212,5263.8721,0.2,0.118,6,'2018-01-23 02:52:10'),(213,5263.8765,0.2,0.118,6,'2018-01-23 02:54:31'),(214,5264.1104,0.2,0.118,6,'2018-01-23 02:56:53'),(215,5263.8428,0.2,0.118,6,'2018-01-23 02:59:14'),(216,5264.0034,0.2,0.118,6,'2018-01-23 03:01:36'),(217,5264.0679,0.2,0.118,6,'2018-01-23 03:03:58'),(218,5263.8647,0.2,0.118,6,'2018-01-23 03:06:19'),(219,5263.71,0.2,0.118,6,'2018-01-23 03:08:41'),(220,5263.6191,0.2,0.118,6,'2018-01-23 03:11:02'),(221,5263.9521,0.2,0.118,6,'2018-01-23 03:13:25'),(222,5264.0845,0.2,0.118,6,'2018-01-23 03:15:46'),(223,5263.8804,0.2,0.118,6,'2018-01-23 03:18:08'),(224,5263.9922,0.2,0.118,6,'2018-01-23 03:20:29'),(225,5263.7305,0.2,0.118,6,'2018-01-23 03:22:51'),(226,5264.0298,0.2,0.118,6,'2018-01-23 03:25:12'),(227,5264.0605,0.2,0.118,6,'2018-01-23 03:27:34'),(228,5264.0308,0.2,0.118,6,'2018-01-23 03:29:56'),(229,5263.853,0.2,0.118,6,'2018-01-23 03:32:17'),(230,5263.9077,0.2,0.118,6,'2018-01-23 03:34:39'),(231,5264.1724,0.2,0.118,6,'2018-01-23 03:37:00'),(232,5264.084,0.2,0.118,6,'2018-01-23 03:39:22'),(233,5264.2148,0.2,0.118,6,'2018-01-23 03:41:44'),(234,5264.0522,0.2,0.118,6,'2018-01-23 03:44:05'),(235,5264.04,0.2,0.118,6,'2018-01-23 03:46:27'),(236,5263.6396,0.2,0.118,6,'2018-01-23 03:48:48'),(237,5262.4312,0.2,0.118,6,'2018-01-23 03:51:10'),(238,5262.6084,0.2,0.118,6,'2018-01-23 03:53:32'),(239,5262.8374,0.2,0.118,6,'2018-01-23 03:55:54'),(240,5262.5776,0.2,0.118,6,'2018-01-23 03:58:15'),(241,5262.2534,0.2,0.118,6,'2018-01-23 04:00:37'),(242,5262.353,0.2,0.118,6,'2018-01-23 04:02:58'),(243,5262.1777,0.2,0.118,6,'2018-01-23 04:05:20'),(244,5262.5679,0.2,0.118,6,'2018-01-23 04:07:42'),(245,5262.3779,0.2,0.118,6,'2018-01-23 04:10:04'),(246,5262.1631,0.2,0.118,6,'2018-01-23 04:12:25'),(247,5262.354,0.2,0.118,6,'2018-01-23 04:14:47'),(248,5262.5835,0.2,0.118,6,'2018-01-23 04:17:08'),(249,5262.2534,0.2,0.118,6,'2018-01-23 04:19:30'),(250,5262.5693,0.2,0.118,6,'2018-01-23 04:21:52'),(251,5262.5757,0.2,0.118,6,'2018-01-23 04:24:14'),(252,5262.5,0.2,0.118,6,'2018-01-23 04:26:35'),(253,5262.4429,0.2,0.118,6,'2018-01-23 04:28:56'),(254,5262.6167,0.2,0.118,6,'2018-01-23 04:31:17'),(255,5262.4883,0.2,0.118,6,'2018-01-23 04:33:38'),(256,5262.5239,0.2,0.118,6,'2018-01-23 04:35:59'),(257,5262.2095,0.2,0.118,6,'2018-01-23 04:38:20'),(258,5262.251,0.2,0.118,6,'2018-01-23 04:40:40'),(259,5262.7925,0.2,0.118,6,'2018-01-23 04:43:01'),(260,5262.6943,0.2,0.118,6,'2018-01-23 04:45:22'),(261,5262.4233,0.2,0.118,6,'2018-01-23 04:47:42'),(262,5262.4829,0.2,0.118,6,'2018-01-23 04:50:03'),(263,5262.5107,0.2,0.118,6,'2018-01-23 04:52:24'),(264,5262.5293,0.2,0.118,6,'2018-01-23 04:54:44'),(265,5261.9355,0.2,0.118,6,'2018-01-23 04:57:05'),(266,5262.1113,0.2,0.118,6,'2018-01-23 04:59:26'),(267,5262.4883,0.2,0.118,6,'2018-01-23 05:01:47'),(268,5262.333,0.2,0.118,6,'2018-01-23 05:04:07'),(269,5262.4561,0.2,0.118,6,'2018-01-23 05:06:29'),(270,5262.6108,0.2,0.118,6,'2018-01-23 05:08:50'),(271,5262.1704,0.2,0.118,6,'2018-01-23 05:11:11'),(272,5262.8442,0.2,0.118,6,'2018-01-23 05:13:32'),(273,5262.0332,0.2,0.118,6,'2018-01-23 05:15:52'),(274,5262.6245,0.2,0.118,6,'2018-01-23 05:18:13'),(275,5262.356,0.2,0.118,6,'2018-01-23 05:20:34'),(276,5262.6611,0.2,0.118,6,'2018-01-23 05:22:54'),(277,5262.5884,0.2,0.118,6,'2018-01-23 05:25:15'),(278,5262.4834,0.2,0.118,6,'2018-01-23 05:27:36'),(279,5262.5117,0.2,0.118,6,'2018-01-23 05:29:57'),(280,5262.2798,0.2,0.118,6,'2018-01-23 05:32:17'),(281,5262.7051,0.2,0.118,6,'2018-01-23 05:34:38'),(282,5262.4707,0.2,0.118,6,'2018-01-23 05:36:59'),(283,5262.4624,0.2,0.118,6,'2018-01-23 05:39:19'),(284,5262.2437,0.2,0.118,6,'2018-01-23 05:41:40'),(285,5262.4072,0.2,0.118,6,'2018-01-23 05:44:01'),(286,5262.2632,0.2,0.118,6,'2018-01-23 05:46:22'),(287,5262.3174,0.2,0.118,6,'2018-01-23 05:48:43'),(288,5262.0576,0.2,0.118,6,'2018-01-23 05:51:03'),(289,5262.3345,0.2,0.118,6,'2018-01-23 05:53:24'),(290,5262.3467,0.2,0.118,6,'2018-01-23 05:55:45'),(291,5262.7017,0.2,0.118,6,'2018-01-23 05:58:06'),(292,5261.8921,0.2,0.118,6,'2018-01-23 06:00:26'),(293,5262.8691,0.2,0.118,6,'2018-01-23 06:02:47'),(294,5261.8306,0.1999,0.11794099999999999,6,'2018-01-23 06:05:08'),(295,5262.145,0.2,0.118,6,'2018-01-23 06:07:28'),(296,5262.5166,0.2,0.118,6,'2018-01-23 06:09:49'),(297,5261.9653,0.2,0.118,6,'2018-01-23 06:12:10'),(298,5261.96,0.2,0.118,6,'2018-01-23 06:14:30'),(299,5262.0205,0.2,0.118,6,'2018-01-23 06:16:51'),(300,5262.2217,0.2,0.118,6,'2018-01-23 06:19:12'),(301,5261.5757,0.1999,0.11794099999999999,6,'2018-01-23 06:21:32'),(302,5262.3291,0.2,0.118,6,'2018-01-23 06:23:54'),(303,5261.5503,0.1999,0.11794099999999999,6,'2018-01-23 06:26:14'),(304,5261.2217,0.1999,0.11794099999999999,6,'2018-01-23 06:28:35'),(305,5261.5093,0.1999,0.11794099999999999,6,'2018-01-23 06:30:56'),(306,5262.3003,0.2,0.118,6,'2018-01-23 06:33:17'),(307,5261.7197,0.1999,0.11794099999999999,6,'2018-01-23 06:35:38'),(308,5261.8018,0.1999,0.11794099999999999,6,'2018-01-23 06:37:58'),(309,5261.6499,0.1999,0.11794099999999999,6,'2018-01-23 06:40:19'),(310,5262.1685,0.2,0.118,6,'2018-01-23 06:42:40'),(311,5262.1772,0.2,0.118,6,'2018-01-23 06:45:01'),(312,5262.2773,0.2,0.118,6,'2018-01-23 06:47:21'),(313,5260.8159,0.1999,0.11794099999999999,6,'2018-01-23 06:49:42'),(314,5261.5586,0.1999,0.11794099999999999,6,'2018-01-23 06:52:03'),(315,5261.7749,0.1999,0.11794099999999999,6,'2018-01-23 06:54:23'),(316,5262.3325,0.2,0.118,6,'2018-01-23 06:56:44'),(317,5261.8809,0.2,0.118,6,'2018-01-23 06:59:05'),(318,5261.5747,0.1999,0.11794099999999999,6,'2018-01-23 07:01:26'),(319,5262.1333,0.2,0.118,6,'2018-01-23 07:03:47'),(320,5262.0889,0.2,0.118,6,'2018-01-23 07:06:07'),(321,5260.9512,0.1999,0.11794099999999999,6,'2018-01-23 07:08:28'),(322,5261.1724,0.1999,0.11794099999999999,6,'2018-01-23 07:10:49'),(323,5261.5249,0.1999,0.11794099999999999,6,'2018-01-23 07:13:10'),(324,5261.9761,0.2,0.118,6,'2018-01-23 07:15:30'),(325,5260.854,0.1999,0.11794099999999999,6,'2018-01-23 07:17:51'),(326,5261.3213,0.1999,0.11794099999999999,6,'2018-01-23 07:20:12'),(327,5260.855,0.1999,0.11794099999999999,6,'2018-01-23 07:22:33'),(328,5259.7515,0.1999,0.11794099999999999,5,'2018-01-25 17:04:25'),(329,5258.209,0.1998,0.117882,5,'2018-01-25 17:06:45'),(330,5258.6924,0.1998,0.117882,5,'2018-01-25 17:09:06'),(331,5258.2173,0.1998,0.117882,5,'2018-01-25 17:11:27'),(332,5259.0889,0.1998,0.117882,5,'2018-01-25 17:13:47'),(333,5257.4829,0.1998,0.117882,5,'2018-01-25 17:16:08'),(334,5256.8687,0.1998,0.117882,5,'2018-01-25 17:18:29'),(335,5257.0254,0.1998,0.117882,5,'2018-01-25 17:20:50'),(336,5258.0703,0.1998,0.117882,5,'2018-01-25 17:23:10'),(337,5257.3232,0.1998,0.117882,5,'2018-01-25 17:25:31'),(338,5257.8501,0.1998,0.117882,5,'2018-01-25 17:27:52'),(339,5258.7749,0.1998,0.117882,5,'2018-01-25 17:30:12'),(340,5257.5513,0.1998,0.117882,5,'2018-01-25 17:32:33'),(341,5257.3721,0.1998,0.117882,5,'2018-01-25 17:34:54'),(342,5257.9541,0.1998,0.117882,5,'2018-01-25 17:37:14'),(343,5257.04,0.1998,0.117882,5,'2018-01-25 17:39:35'),(344,5257.9873,0.1998,0.117882,5,'2018-01-25 17:41:56'),(345,5258.9331,0.1998,0.117882,5,'2018-01-25 17:44:16'),(346,5257.8091,0.1998,0.117882,5,'2018-01-25 17:46:37'),(347,5257.8115,0.1998,0.117882,5,'2018-01-25 17:48:58'),(348,5258.7593,0.1998,0.117882,5,'2018-01-25 17:51:18'),(349,5257.5239,0.1998,0.117882,5,'2018-01-25 17:53:39'),(350,5257.4814,0.1998,0.117882,5,'2018-01-25 17:56:00'),(351,5257.1782,0.1998,0.117882,5,'2018-01-25 17:58:21'),(352,5257.7788,0.1998,0.117882,5,'2018-01-25 18:00:41'),(353,5258.0571,0.1998,0.117882,5,'2018-01-25 18:03:02'),(354,5257.4106,0.1998,0.117882,5,'2018-01-25 18:05:23'),(355,5258.5239,0.1998,0.117882,5,'2018-01-25 18:07:43'),(356,5258.8267,0.1998,0.117882,5,'2018-01-25 18:10:04'),(357,5259.8809,0.1999,0.11794099999999999,5,'2018-01-25 18:12:25'),(358,5260.2368,0.1999,0.11794099999999999,5,'2018-01-25 18:14:45'),(359,5259.6963,0.1999,0.11794099999999999,5,'2018-01-25 18:17:06'),(360,5259.7998,0.1999,0.11794099999999999,5,'2018-01-25 18:19:27'),(361,5260.0093,0.1999,0.11794099999999999,5,'2018-01-25 18:21:47'),(362,5260.1489,0.1999,0.11794099999999999,5,'2018-01-25 18:24:08'),(363,5259.9268,0.1999,0.11794099999999999,5,'2018-01-25 18:26:29'),(364,5260.8843,0.1999,0.11794099999999999,5,'2018-01-25 18:28:49'),(365,5259.6406,0.1999,0.11794099999999999,5,'2018-01-25 18:31:10'),(366,5260.4248,0.1999,0.11794099999999999,5,'2018-01-25 18:33:31'),(367,5260.2988,0.1999,0.11794099999999999,5,'2018-01-25 18:35:51'),(368,5260.6201,0.1999,0.11794099999999999,5,'2018-01-25 18:38:12'),(369,5260.4248,0.1999,0.11794099999999999,5,'2018-01-25 18:40:33'),(370,5260.6826,0.1999,0.11794099999999999,5,'2018-01-25 18:42:53'),(371,5260.4575,0.1999,0.11794099999999999,5,'2018-01-25 18:45:14'),(372,5260.6851,0.1999,0.11794099999999999,5,'2018-01-25 18:47:35'),(373,5260.4448,0.1999,0.11794099999999999,5,'2018-01-25 18:49:55'),(374,5261.0322,0.1999,0.11794099999999999,5,'2018-01-25 18:52:16'),(375,5260.3833,0.1999,0.11794099999999999,5,'2018-01-25 18:54:37'),(376,5261.5518,0.1999,0.11794099999999999,5,'2018-01-25 18:56:57'),(377,5260.6812,0.1999,0.11794099999999999,5,'2018-01-25 18:59:18'),(378,5261.0166,0.1999,0.11794099999999999,5,'2018-01-25 19:01:39'),(379,5261.313,0.1999,0.11794099999999999,5,'2018-01-25 19:03:59'),(380,5260.9575,0.1999,0.11794099999999999,5,'2018-01-25 19:06:20'),(381,5260.7817,0.1999,0.11794099999999999,5,'2018-01-25 19:08:41'),(382,5260.5923,0.1999,0.11794099999999999,5,'2018-01-25 19:11:01'),(383,5260.8774,0.1999,0.11794099999999999,5,'2018-01-25 19:13:22'),(384,5260.8862,0.1999,0.11794099999999999,5,'2018-01-25 19:15:43'),(385,5261.3394,0.1999,0.11794099999999999,5,'2018-01-25 19:18:03'),(386,5261.5015,0.1999,0.11794099999999999,5,'2018-01-25 19:20:24'),(387,5261.1831,0.1999,0.11794099999999999,5,'2018-01-25 19:22:45'),(388,5261.1328,0.1999,0.11794099999999999,5,'2018-01-25 19:25:05'),(389,5261.062,0.1999,0.11794099999999999,5,'2018-01-25 19:27:26'),(390,5261.0181,0.1999,0.11794099999999999,5,'2018-01-25 19:29:47'),(391,5261.0913,0.1999,0.11794099999999999,5,'2018-01-25 19:32:08'),(392,5260.9331,0.1999,0.11794099999999999,5,'2018-01-25 19:34:28'),(393,5261.1846,0.1999,0.11794099999999999,5,'2018-01-25 19:36:49'),(394,5261.2759,0.1999,0.11794099999999999,5,'2018-01-25 19:39:10'),(395,5260.3516,0.1999,0.11794099999999999,5,'2018-01-25 19:41:30'),(396,5261.3511,0.1999,0.11794099999999999,5,'2018-01-25 19:43:51'),(397,5261.3926,0.1999,0.11794099999999999,5,'2018-01-25 19:46:12'),(398,5261.3535,0.1999,0.11794099999999999,5,'2018-01-25 19:48:32'),(399,5261.3237,0.1999,0.11794099999999999,5,'2018-01-25 19:50:53'),(400,5261.4702,0.1999,0.11794099999999999,5,'2018-01-25 19:53:14'),(401,5260.8804,0.1999,0.11794099999999999,5,'2018-01-25 19:55:34'),(402,5261.5947,0.1999,0.11794099999999999,5,'2018-01-25 19:57:55'),(403,5260.8608,0.1999,0.11794099999999999,5,'2018-01-25 20:00:16'),(404,5260.7578,0.1999,0.11794099999999999,5,'2018-01-25 20:02:36'),(405,5261.0464,0.1999,0.11794099999999999,5,'2018-01-25 20:04:57'),(406,5260.9619,0.1999,0.11794099999999999,5,'2018-01-25 20:07:18'),(407,5260.4482,0.1999,0.11794099999999999,5,'2018-01-25 20:09:38'),(408,5261.0435,0.1999,0.11794099999999999,5,'2018-01-25 20:11:59'),(409,5260.8081,0.1999,0.11794099999999999,5,'2018-01-25 20:14:20'),(410,5261.3462,0.1999,0.11794099999999999,5,'2018-01-25 20:16:40'),(411,5260.998,0.1999,0.11794099999999999,5,'2018-01-25 20:19:01'),(412,5261.6611,0.1999,0.11794099999999999,5,'2018-01-25 20:21:22'),(413,5261.1294,0.1999,0.11794099999999999,5,'2018-01-25 20:23:42'),(414,5261.6162,0.1999,0.11794099999999999,5,'2018-01-25 20:26:03'),(415,5261.3887,0.1999,0.11794099999999999,5,'2018-01-25 20:28:24'),(416,5261.3687,0.1999,0.11794099999999999,5,'2018-01-25 20:30:44'),(417,5261.2407,0.1999,0.11794099999999999,5,'2018-01-25 20:33:05'),(418,5260.5522,0.1999,0.11794099999999999,5,'2018-01-25 20:35:26'),(419,5261.313,0.1999,0.11794099999999999,5,'2018-01-25 20:37:47'),(420,5261.2354,0.1999,0.11794099999999999,5,'2018-01-25 20:40:07'),(421,5261.0405,0.1999,0.11794099999999999,5,'2018-01-25 20:42:28'),(422,5261.2969,0.1999,0.11794099999999999,5,'2018-01-25 20:44:49'),(423,5260.9097,0.1999,0.11794099999999999,5,'2018-01-25 20:47:09'),(424,5261.0718,0.1999,0.11794099999999999,5,'2018-01-25 20:49:30'),(425,5260.916,0.1999,0.11794099999999999,5,'2018-01-25 20:51:51'),(426,5260.9043,0.1999,0.11794099999999999,5,'2018-01-25 20:54:11'),(427,5260.9365,0.1999,0.11794099999999999,5,'2018-01-25 20:56:32'),(428,5261.0498,0.1999,0.11794099999999999,5,'2018-01-25 20:58:53'),(429,5260.856,0.1999,0.11794099999999999,5,'2018-01-25 21:01:13'),(430,5260.2944,0.1999,0.11794099999999999,5,'2018-01-25 21:03:34'),(431,5260.1343,0.1999,0.11794099999999999,5,'2018-01-25 21:05:55'),(432,5260.5918,0.1999,0.11794099999999999,5,'2018-01-25 21:08:15'),(433,5259.8599,0.1999,0.11794099999999999,5,'2018-01-25 21:10:36'),(434,5260.7407,0.1999,0.11794099999999999,5,'2018-01-25 21:12:57'),(435,5260.6255,0.1999,0.11794099999999999,5,'2018-01-25 21:15:17'),(436,5261.251,0.1999,0.11794099999999999,5,'2018-01-25 21:17:38'),(437,5260.2017,0.1999,0.11794099999999999,5,'2018-01-25 21:19:59'),(438,5260.8882,0.1999,0.11794099999999999,5,'2018-01-25 21:22:19'),(439,5260.9351,0.1999,0.11794099999999999,5,'2018-01-25 21:24:40'),(440,5259.9414,0.1999,0.11794099999999999,5,'2018-01-25 21:27:01'),(441,5260.2827,0.1999,0.11794099999999999,5,'2018-01-25 21:29:21'),(442,5260.2271,0.1999,0.11794099999999999,5,'2018-01-25 21:31:42'),(443,5260.6128,0.1999,0.11794099999999999,5,'2018-01-25 21:34:03'),(444,5261.0107,0.1999,0.11794099999999999,5,'2018-01-25 21:36:23'),(445,5260.5039,0.1999,0.11794099999999999,5,'2018-01-25 21:38:45'),(446,5260.9922,0.1999,0.11794099999999999,5,'2018-01-25 21:41:05'),(447,5260.4619,0.1999,0.11794099999999999,5,'2018-01-25 21:43:26'),(448,5261.0742,0.1999,0.11794099999999999,5,'2018-01-25 21:45:47'),(449,5260.0854,0.1999,0.11794099999999999,5,'2018-01-25 21:48:07'),(450,5260.6064,0.1999,0.11794099999999999,5,'2018-01-25 21:50:28'),(451,5122.7505,0.1947,0.114873,5,'2018-01-26 16:47:10'),(452,5263.0132,0.2,0.118,7,'2018-01-26 17:15:32'),(453,5264.4902,0.2001,0.118059,7,'2018-01-26 17:17:52'),(454,5264.5981,0.2001,0.118059,7,'2018-01-26 17:20:13'),(455,5264.6104,0.2001,0.118059,7,'2018-01-26 17:22:34'),(456,5264.6475,0.2001,0.118059,7,'2018-01-26 17:24:54'),(457,5264.5435,0.2001,0.118059,7,'2018-01-26 17:27:15'),(458,5264.1626,0.2,0.118,7,'2018-01-26 17:29:36'),(459,5264.6943,0.2001,0.118059,7,'2018-01-26 17:31:56'),(460,5264.3633,0.2,0.118,7,'2018-01-26 17:34:17'),(461,5264.1294,0.2,0.118,7,'2018-01-26 17:36:38'),(462,5264.4189,0.2,0.118,7,'2018-01-26 17:38:58'),(463,5264.668,0.2001,0.118059,7,'2018-01-26 17:41:19'),(464,5287.6538,0.2009,0.118531,7,'2018-01-26 17:43:40'),(465,5264.7026,0.2001,0.118059,7,'2018-01-26 17:46:00'),(466,5264.6465,0.2001,0.118059,7,'2018-01-26 17:48:21'),(467,5264.6499,0.2001,0.118059,7,'2018-01-26 17:50:42'),(468,5287.7925,0.2009,0.118531,7,'2018-01-26 17:53:02'),(469,5264.9121,0.2001,0.118059,7,'2018-01-26 17:55:23'),(470,5264.7163,0.2001,0.118059,7,'2018-01-26 17:57:44'),(471,5264.5249,0.2001,0.118059,7,'2018-01-26 18:00:05'),(472,5264.7949,0.2001,0.118059,7,'2018-01-26 18:02:25'),(473,5264.7178,0.2001,0.118059,7,'2018-01-26 18:04:46'),(474,5264.6333,0.2001,0.118059,7,'2018-01-26 18:07:07'),(475,5264.8311,0.2001,0.118059,7,'2018-01-26 18:09:27'),(476,5264.8975,0.2001,0.118059,7,'2018-01-26 18:11:48'),(477,5264.9199,0.2001,0.118059,7,'2018-01-26 18:14:09'),(478,5264.8979,0.2001,0.118059,7,'2018-01-26 18:16:29'),(479,5264.9087,0.2001,0.118059,7,'2018-01-26 18:18:50'),(480,5264.5757,0.2001,0.118059,7,'2018-01-26 18:21:11'),(481,5264.8979,0.2001,0.118059,7,'2018-01-26 18:23:31'),(482,5264.8828,0.2001,0.118059,7,'2018-01-26 18:25:52'),(483,5264.7808,0.2001,0.118059,7,'2018-01-26 18:28:13'),(484,5264.79,0.2001,0.118059,7,'2018-01-26 18:30:33'),(485,5264.9541,0.2001,0.118059,7,'2018-01-26 18:32:54'),(486,5264.9697,0.2001,0.118059,7,'2018-01-26 18:35:15'),(487,5265.2944,0.2001,0.118059,7,'2018-01-26 18:37:36'),(488,5265.3379,0.2001,0.118059,7,'2018-01-26 18:39:56'),(489,5265.2207,0.2001,0.118059,7,'2018-01-26 18:42:17'),(490,5265.3159,0.2001,0.118059,7,'2018-01-26 18:44:38'),(491,5265.2734,0.2001,0.118059,7,'2018-01-26 18:46:58'),(492,5265.2563,0.2001,0.118059,7,'2018-01-26 18:49:19'),(493,5265.3833,0.2001,0.118059,7,'2018-01-26 18:51:40'),(494,5265.2163,0.2001,0.118059,7,'2018-01-26 18:54:00'),(495,5265.2749,0.2001,0.118059,7,'2018-01-26 18:56:21'),(496,5265.332,0.2001,0.118059,7,'2018-01-26 18:58:42'),(497,5265.2393,0.2001,0.118059,7,'2018-01-26 19:01:02'),(498,5265.3188,0.2001,0.118059,7,'2018-01-26 19:03:23'),(499,5265.3291,0.2001,0.118059,7,'2018-01-26 19:05:44'),(500,5265.2827,0.2001,0.118059,7,'2018-01-26 19:08:04'),(501,5265.2544,0.2001,0.118059,7,'2018-01-26 19:10:25'),(502,5265.3276,0.2001,0.118059,7,'2018-01-26 19:12:46'),(503,5265.2871,0.2001,0.118059,7,'2018-01-26 19:15:06'),(504,5265.3145,0.2001,0.118059,7,'2018-01-26 19:17:27'),(505,5265.3306,0.2001,0.118059,7,'2018-01-26 19:19:48'),(506,5265.415,0.2001,0.118059,7,'2018-01-26 19:22:08'),(507,5265.2563,0.2001,0.118059,7,'2018-01-26 19:24:29'),(508,5265.2241,0.2001,0.118059,7,'2018-01-26 19:26:49'),(509,5265.3926,0.2001,0.118059,7,'2018-01-26 19:29:10'),(510,5288.3828,0.201,0.11859,7,'2018-01-26 19:31:31'),(511,5265.3037,0.2001,0.118059,7,'2018-01-26 19:33:52'),(512,5265.355,0.2001,0.118059,7,'2018-01-26 19:36:12'),(513,5265.3438,0.2001,0.118059,7,'2018-01-26 19:38:33'),(514,5265.2749,0.2001,0.118059,7,'2018-01-26 19:40:54'),(515,5288.3296,0.201,0.11859,7,'2018-01-26 19:43:14'),(516,5288.4224,0.201,0.11859,7,'2018-01-26 19:45:35'),(517,5288.3115,0.201,0.11859,7,'2018-01-26 19:47:56'),(518,5265.2852,0.2001,0.118059,7,'2018-01-26 19:50:16'),(519,5288.4561,0.201,0.11859,7,'2018-01-26 19:52:37');
/*!40000 ALTER TABLE `arduino_consumo` ENABLE KEYS */;
UNLOCK TABLES;

--
-- Table structure for table `nivel_acesso`
--

DROP TABLE IF EXISTS `nivel_acesso`;
/*!40101 SET @saved_cs_client     = @@character_set_client */;
/*!40101 SET character_set_client = utf8 */;
CREATE TABLE `nivel_acesso` (
  `id` int(11) NOT NULL AUTO_INCREMENT,
  `nome_nivel` varchar(220) DEFAULT NULL,
  `data_criacao` datetime DEFAULT CURRENT_TIMESTAMP,
  `data_modifcacao` datetime DEFAULT CURRENT_TIMESTAMP,
  PRIMARY KEY (`id`)
) ENGINE=InnoDB AUTO_INCREMENT=3 DEFAULT CHARSET=utf8;
/*!40101 SET character_set_client = @saved_cs_client */;

--
-- Dumping data for table `nivel_acesso`
--

LOCK TABLES `nivel_acesso` WRITE;
/*!40000 ALTER TABLE `nivel_acesso` DISABLE KEYS */;
INSERT INTO `nivel_acesso` VALUES (1,'Administrador','2017-10-17 18:49:47','2017-10-17 18:49:47'),(2,'Usuario','2017-10-17 19:39:12','2017-10-17 19:39:12');
/*!40000 ALTER TABLE `nivel_acesso` ENABLE KEYS */;
UNLOCK TABLES;

--
-- Table structure for table `tabela_equipamento`
--

DROP TABLE IF EXISTS `tabela_equipamento`;
/*!40101 SET @saved_cs_client     = @@character_set_client */;
/*!40101 SET character_set_client = utf8 */;
CREATE TABLE `tabela_equipamento` (
  `cod_equipamento` int(11) NOT NULL AUTO_INCREMENT,
  `nome` varchar(45) COLLATE latin1_bin NOT NULL,
  `descricao` varchar(40) COLLATE latin1_bin NOT NULL,
  `consumo_kwh` float NOT NULL,
  `voltagem` int(11) NOT NULL,
  `classificacao_energetica` varchar(11) COLLATE latin1_bin NOT NULL,
  `cod_usuario` int(11) NOT NULL,
  `data_criacao` datetime DEFAULT CURRENT_TIMESTAMP,
  PRIMARY KEY (`cod_equipamento`),
  KEY `fk_usuario` (`cod_usuario`),
  CONSTRAINT `fk_usuario` FOREIGN KEY (`cod_usuario`) REFERENCES `tabela_usuario` (`cod_usuario`)
) ENGINE=InnoDB AUTO_INCREMENT=8 DEFAULT CHARSET=latin1 COLLATE=latin1_bin;
/*!40101 SET character_set_client = @saved_cs_client */;

--
-- Dumping data for table `tabela_equipamento`
--

LOCK TABLES `tabela_equipamento` WRITE;
/*!40000 ALTER TABLE `tabela_equipamento` DISABLE KEYS */;
INSERT INTO `tabela_equipamento` VALUES (1,'HDTV-Monitor','Samsung',40,127,'B',1,'2018-01-20 15:09:34'),(2,'Ventilador Mondial','Mondial',50,220,'A',1,'2018-01-20 17:11:18'),(3,'Conversor Digital','Net',50,127,'A',1,'2018-01-21 16:23:25'),(4,'TV DIGITAL LED','CEE',60,127,'B',2,'2018-01-22 15:26:20'),(5,'Geladeira','Esmaltec',120,127,'A',2,'2018-01-22 15:26:50'),(6,'Ventilador','Ultra',45,110,'B',1,'2018-01-22 20:05:47'),(7,'Maquina de lavar','Eletrolux',495,127,'A',1,'2018-01-26 11:46:31');
/*!40000 ALTER TABLE `tabela_equipamento` ENABLE KEYS */;
UNLOCK TABLES;

--
-- Table structure for table `tabela_usuario`
--

DROP TABLE IF EXISTS `tabela_usuario`;
/*!40101 SET @saved_cs_client     = @@character_set_client */;
/*!40101 SET character_set_client = utf8 */;
CREATE TABLE `tabela_usuario` (
  `cod_usuario` int(11) NOT NULL AUTO_INCREMENT,
  `nome` varchar(40) COLLATE latin1_bin NOT NULL,
  `email` varchar(40) COLLATE latin1_bin NOT NULL,
  `login` varchar(40) COLLATE latin1_bin NOT NULL,
  `senha` varchar(40) COLLATE latin1_bin NOT NULL,
  `nivel_acesso` int(11) NOT NULL,
  `data_cadastro` datetime DEFAULT CURRENT_TIMESTAMP,
  `data_modificacao` datetime DEFAULT CURRENT_TIMESTAMP,
  PRIMARY KEY (`cod_usuario`)
) ENGINE=InnoDB AUTO_INCREMENT=4 DEFAULT CHARSET=latin1 COLLATE=latin1_bin;
/*!40101 SET character_set_client = @saved_cs_client */;

--
-- Dumping data for table `tabela_usuario`
--

LOCK TABLES `tabela_usuario` WRITE;
/*!40000 ALTER TABLE `tabela_usuario` DISABLE KEYS */;
INSERT INTO `tabela_usuario` VALUES (1,'Rafael','serv-editora@ufpa.br','admin','123',1,'2018-01-18 16:28:20','2018-01-18 16:28:20'),(2,'Teste','rafcavalheiro@gmail.com','teste','123',2,'2018-01-18 17:04:12','2018-01-18 17:04:12'),(3,'João Moraes','serv-editora@ufpa.br','xuao','123',2,'2018-02-23 15:01:53','2018-02-23 15:01:53');
/*!40000 ALTER TABLE `tabela_usuario` ENABLE KEYS */;
UNLOCK TABLES;
/*!40103 SET TIME_ZONE=@OLD_TIME_ZONE */;

/*!40101 SET SQL_MODE=@OLD_SQL_MODE */;
/*!40014 SET FOREIGN_KEY_CHECKS=@OLD_FOREIGN_KEY_CHECKS */;
/*!40014 SET UNIQUE_CHECKS=@OLD_UNIQUE_CHECKS */;
/*!40101 SET CHARACTER_SET_CLIENT=@OLD_CHARACTER_SET_CLIENT */;
/*!40101 SET CHARACTER_SET_RESULTS=@OLD_CHARACTER_SET_RESULTS */;
/*!40101 SET COLLATION_CONNECTION=@OLD_COLLATION_CONNECTION */;
/*!40111 SET SQL_NOTES=@OLD_SQL_NOTES */;

-- Dump completed on 2018-02-27 11:43:08
